{
    "weight": -10.0,
    "ads": {
        "addend": -3.0
    },
    "damage": {
        "multiplier": 16.0
    },
    "armor_ignore": {
        "multiplier": 10.5
    },
    "ammo_speed": {
        "multiplier": 2.0
    },
    "inaccuracy": {
        "multiplier": 0.2
    },
    "aim_inaccuracy": {
        "multiplier": 0.1
    },
    "recoil": {
        "pitch": {
            "multiplier": 0.1
        },
        "yaw": {
            "multiplier": 0.1
        }
    },
    "rpm": {
        "multiplier": 1.5
    },
    "extended_mag_level": 3
}